{
  "UTCMinus12": "UTC-12:00 Isla Baker, Isla Howland",
  "UTCMinus11": "UTC-11:00 Samoa Americana, Niue",
  "UTCMinus10": "UTC-10:00 Hawái, Tahití",
  "UTCMinus9": "UTC-09:00 Alaska",
  "UTCMinus8": "UTC-08:00 California, Vancouver",
  "UTCMinus7": "UTC-07:00 Denver, Phoenix",
  "UTCMinus6": "UTC-06:00 Ciudad de México, Chicago",
  "UTCMinus5": "UTC-05:00 Nueva York, Bogotá",
  "UTCMinus4": "UTC-04:00 Caracas, Manaos",
  "UTCMinus3": "UTC-03:00 Buenos Aires, São Paulo",
  "UTCMinus2": "UTC-02:00 Fernando de Noronha",
  "UTCMinus1": "UTC-01:00 Cabo Verde, Azores",
  "UTC": "UTC±00:00 Londres, Reikiavik",
  "UTCPlus1": "UTC+01:00 Berlín, París",
  "UTCPlus2": "UTC+02:00 El Cairo, Atenas",
  "UTCPlus3": "UTC+03:00 Moscú, Riad",
  "UTCPlus4": "UTC+04:00 Dubái, Bakú",
  "UTCPlus5": "UTC+05:00 Islamabad, Karachi",
  "UTCPlus6": "UTC+06:00 Daca, Almatý",
  "UTCPlus7": "UTC+07:00 Bangkok, Yakarta",
  "UTCPlus8": "UTC+08:00 Pekín, Singapur",
  "UTCPlus9": "UTC+09:00 Tokio, Seúl",
  "UTCPlus10": "UTC+10:00 Sídney, Guam",
  "UTCPlus11": "UTC+11:00 Islas Salomón, Vanuatu",
  "UTCPlus12": "UTC+12:00 Fiyi, Nueva Zelanda"
}
