{
  "UTCMinus12": "UTC-12:00 Baker Island, Howland Island",
  "UTCMinus11": "UTC-11:00 American Samoa, Niue",
  "UTCMinus10": "UTC-10:00 Hawaii, Tahiti",
  "UTCMinus9": "UTC-09:00 Alaska",
  "UTCMinus8": "UTC-08:00 California, Vancouver",
  "UTCMinus7": "UTC-07:00 Denver, Phoenix",
  "UTCMinus6": "UTC-06:00 Mexico City, Chicago",
  "UTCMinus5": "UTC-05:00 New York, Bogotá",
  "UTCMinus4": "UTC-04:00 Caracas, Manaus",
  "UTCMinus3": "UTC-03:00 Buenos Aires, São Paulo",
  "UTCMinus2": "UTC-02:00 Fernando de Noronha",
  "UTCMinus1": "UTC-01:00 Cape Verde, Azores",
  "UTC": "UTC±00:00 London, Reykjavik",
  "UTCPlus1": "UTC+01:00 Berlin, Paris",
  "UTCPlus2": "UTC+02:00 Cairo, Athens",
  "UTCPlus3": "UTC+03:00 Moscow, Riyadh",
  "UTCPlus4": "UTC+04:00 Dubai, Baku",
  "UTCPlus5": "UTC+05:00 Islamabad, Karachi",
  "UTCPlus6": "UTC+06:00 Dhaka, Almaty",
  "UTCPlus7": "UTC+07:00 Bangkok, Jakarta",
  "UTCPlus8": "UTC+08:00 Beijing, Singapore",
  "UTCPlus9": "UTC+09:00 Tokyo, Seoul",
  "UTCPlus10": "UTC+10:00 Sydney, Guam",
  "UTCPlus11": "UTC+11:00 Solomon Islands, Vanuatu",
  "UTCPlus12": "UTC+12:00 Fiji, New Zealand"
}
