{
  "UTCMinus12": "UTC-12:00 Baker Island, Howland Island",
  "UTCMinus11": "UTC-11:00 Samoa Americana, Niue",
  "UTCMinus10": "UTC-10:00 Havaí, Taiti",
  "UTCMinus9": "UTC-09:00 Alasca",
  "UTCMinus8": "UTC-08:00 Califórnia, Vancouver",
  "UTCMinus7": "UTC-07:00 Denver, Phoenix",
  "UTCMinus6": "UTC-06:00 Cidade do México, Chicago",
  "UTCMinus5": "UTC-05:00 Nova Iorque, Bogotá",
  "UTCMinus4": "UTC-04:00 Caracas, Manaus",
  "UTCMinus3": "UTC-03:00 Buenos Aires, São Paulo",
  "UTCMinus2": "UTC-02:00 Fernando de Noronha",
  "UTCMinus1": "UTC-01:00 Cabo Verde, Açores",
  "UTC": "UTC±00:00 Londres, Reykjavik",
  "UTCPlus1": "UTC+01:00 Berlim, Paris",
  "UTCPlus2": "UTC+02:00 Cairo, Atenas",
  "UTCPlus3": "UTC+03:00 Moscou, Riade",
  "UTCPlus4": "UTC+04:00 Dubai, Baku",
  "UTCPlus5": "UTC+05:00 Islamabad, Karachi",
  "UTCPlus6": "UTC+06:00 Dhaka, Almaty",
  "UTCPlus7": "UTC+07:00 Bangcoc, Jacarta",
  "UTCPlus8": "UTC+08:00 Pequim, Singapura",
  "UTCPlus9": "UTC+09:00 Tóquio, Seul",
  "UTCPlus10": "UTC+10:00 Sydney, Guam",
  "UTCPlus11": "UTC+11:00 Ilhas Salomão, Vanuatu",
  "UTCPlus12": "UTC+12:00 Fiji, Nova Zelândia"
}
